序号,代码,名称,上榜日,解读,收盘价,涨跌幅,龙虎榜净买额,龙虎榜买入额,龙虎榜卖出额,龙虎榜成交额,市场总成交额,净买额占总成交比,成交额占总成交比,换手率,流通市值,上榜原因,上榜后1日,上榜后2日,上榜后5日,上榜后10日
1,000056,*ST皇庭,2026-06-05,西藏自治区资金买入，成功率36.35%,1.84,5.1429,-4782523.0,37684635.0,42467158.0,80151793.0,332260417,-1.439389934914,24.123184375586,5.971,1818539510.4,连续三个交易日内，涨幅偏离值累计达到12%的ST证券、*ST证券和未完成股改证券,4.34782609,-1.08695652,,
2,000520,凤凰航运,2026-06-05,3家机构买入，成功率45.21%,4.6,10.0478,48442625.11,92572392.59,44129767.48,136702160.07,445151511,10.882278036343,30.709130867131,3.856,4655583893.0,连续三个交易日内，涨幅偏离值累计达到20%的证券,3.47826087,-4.56521739,,
3,000539,粤电力A,2026-06-05,2家机构卖出，成功率48.42%,8.25,-10.0327,-201191387.62,159099781.38,360291169.0,519390950.38,2460683995,-8.176238315396,21.107584372288,11.0669,22822471356.75,日跌幅偏离值达到7%的前5只证券,-5.6969697,-1.57575758,,
5,000608,阳光股份,2026-06-05,4家机构买入，成功率32.07%,5.52,9.9602,22441751.27,106264862.17,83823110.9,190087973.07,737258228,3.043947211126,25.783092795812,10.2702,4114760125.68,连续三个交易日内，涨幅偏离值累计达到20%的证券,5.43478261,15.94202899,,
13,001896,豫能控股,2026-06-05,2家机构卖出，成功率28.22%,19.88,-10.0045,-214080864.36,552561912.03,766642776.39,1319204688.42,6518799907,-3.284053313711,20.236925618831,19.6386,30332532840.4,日振幅值达到15%的前5只证券,-1.4084507,8.45070423,,
14,001896,豫能控股,2026-06-05,2家机构卖出，成功率28.22%,19.88,-10.0045,-214080864.36,552561912.03,766642776.39,1319204688.42,6518799907,-3.284053313711,20.236925618831,19.6386,30332532840.4,日跌幅偏离值达到7%的前5只证券,-1.4084507,8.45070423,,
19,002132,恒星科技,2026-06-05,江苏资金买入，成功率25.47%,5.86,4.4563,126550407.29,495832813.78,369282406.49,865115220.27,2937064860,4.308737236739,29.455094167379,16.8514,8199232368.46,连续三个交易日内，涨幅偏离值累计达到20%的证券,-1.36518771,-2.73037543,,
21,002138,顺络电子,2026-06-05,2家机构买入，成功率12.65%,55.61,10.0099,-182360222.04,648554869.75,830915091.79,1479469961.54,4303363809,-4.237620385676,34.37938383099,10.7228,42068950930.67,日涨幅偏离值达到7%的前5只证券,0.08991189,10.10609603,,
22,002251,步步高,2026-06-05,主力做T，成功率50.60%,4.86,9.9548,226444602.06,354494943.48,128050341.42,482545284.9,1638265990,13.822212231849,29.454636050889,15.9436,10461014498.34,日涨幅偏离值达到7%的前5只证券,-4.11522634,-6.79012346,,
23,002361,神剑股份,2026-06-05,2家机构买入，成功率41.79%,16.81,10.0131,133073091.36,483461419.1,350388327.74,833849746.84,2421921852,5.494524575601,34.429258985025,18.3602,13599609205.09,日涨幅偏离值达到7%的前5只证券,9.99405116,5.59190958,,
25,002421,达实智能,2026-06-05,1家机构买入，成功率49.29%,5.21,9.9156,58263420.16,579412152.96,521148732.8,1100560885.76,4003760010,1.455217595822,27.488183183087,38.897,10437595139.06,日涨幅偏离值达到7%的前5只证券,9.98080614,9.4049904,,
26,002421,达实智能,2026-06-05,1家机构买入，成功率49.29%,5.21,9.9156,58263420.16,579412152.96,521148732.8,1100560885.76,4003760010,1.455217595822,27.488183183087,38.897,10437595139.06,日换手率达到20%的前5只证券,9.98080614,9.4049904,,
31,002579,中京电子,2026-06-05,4家机构卖出，成功率36.65%,18.69,-9.3159,-106958700.66,346106708.33,453065408.99,799172117.32,3335940398,-3.206253346856,23.956426733497,29.9201,10903968298.86,日换手率达到20%的前5只证券,-10.00535045,-10.43338684,,
33,002585,双星新材,2026-06-05,1家机构买入，成功率61.09%,11.82,0.1695,102768806.39,434538969.5,331770163.11,766309132.61,3646255746,2.818474993224,21.016329791202,33.3914,10481464595.88,日换手率达到20%的前5只证券,-6.17597293,3.21489002,,
39,002655,共达电声,2026-06-05,4家机构买入，成功率21.98%,37.78,1.8603,38480077.03,384776371.0,346296293.97,731072664.97,1917658643,2.00661766214,38.12319088377,14.0552,13743717962.0,日振幅值达到15%的前5只证券,-6.14081525,-3.91741662,,
40,002681,奋达科技,2026-06-05,2家机构买入，成功率45.42%,5.17,5.5102,66134835.19,139821101.72,73686266.53,213507368.25,743077288,8.900128729274,28.732861533779,9.5547,8113099109.06,日振幅值达到15%的前5只证券,3.09477756,0.58027079,,
42,002735,王子新材,2026-06-05,3家机构买入，成功率47.38%,18.03,5.3154,122748045.36,281682344.36,158934299.0,440616643.36,1529621379,8.02473390116,28.805601791997,30.1553,5139619918.23,日换手率达到20%的前5只证券,3.10593455,0.0,,
43,002735,王子新材,2026-06-05,2家机构买入，成功率31.40%,18.03,5.3154,213526226.43,579114071.66,365587845.23,944701916.89,3639257169,5.867302488235,25.958646861705,30.1553,5139619918.23,连续三个交易日内，涨幅偏离值累计达到20%的证券,3.10593455,0.0,,
47,002806,华锋股份,2026-06-05,3家机构卖出，成功率26.95%,19.78,-4.352,-78106754.46,113892241.24,191998995.7,305891236.94,1006242661,-7.762218547003,30.399350852011,28.9254,3443798581.3,日换手率达到20%的前5只证券,-2.67947422,-2.37613751,,
51,002896,中大力德,2026-06-05,1家机构买入，成功率58.52%,86.77,10.0025,287489646.47,439862721.17,152373074.7,592235795.87,2351434358,12.226139568468,25.186150481093,14.6117,17052272075.9,日振幅值达到15%的前5只证券,9.7153394,4.51769045,,
52,002896,中大力德,2026-06-05,1家机构买入，成功率58.52%,86.77,10.0025,287489646.47,439862721.17,152373074.7,592235795.87,2351434358,12.226139568468,25.186150481093,14.6117,17052272075.9,日涨幅偏离值达到7%的前5只证券,9.7153394,4.51769045,,
54,002951,金时科技,2026-06-05,主力做T，成功率45.77%,22.31,-10.004,-13438600.0,32850659.0,46289259.0,79139918.0,360313545,-3.729696034602,21.964180669367,3.9149,8949085921.75,日跌幅偏离值达到7%的前5只证券,-9.99551771,-18.96010758,,
57,002969,嘉美包装,2026-06-05,4家机构卖出，成功率29.02%,16.79,-9.9732,-64517641.79,153314041.29,217831683.08,371145724.37,2056006648,-3.138007450159,18.051776473147,10.2034,18347024746.76,日振幅值达到15%的前5只证券,-10.00595593,-5.47945205,,
58,002969,嘉美包装,2026-06-05,4家机构卖出，成功率29.02%,16.79,-9.9732,-64517641.79,153314041.29,217831683.08,371145724.37,2056006648,-3.138007450159,18.051776473147,10.2034,18347024746.76,日跌幅偏离值达到7%的前5只证券,-10.00595593,-5.47945205,,
62,003033,征和工业,2026-06-05,3家机构卖出，成功率24.15%,60.57,-10.0,-46207456.0,20540250.0,66747706.0,87287956.0,255882197,-18.058097257935,34.11255531779,5.1689,4890642395.94,日跌幅偏离值达到7%的前5只证券,-8.7006769,-6.12514446,,
63,003036,泰坦股份,2026-06-05,4家机构买入，成功率29.94%,82.35,10.0053,-745728.060000002,390538560.74,391284288.8,781822849.54,2107067846,-0.035391744097,37.104778141064,7.5866,17811134641.8,连续三个交易日内，涨幅偏离值累计达到20%的证券,-9.5324833,-0.48573163,,
64,113701,祥和转债,2026-06-05,,196.875,12.509,1911580.0,1023230230.0,1021318650.0,2044548880.0,5541725020,0.034494313469,36.893726639652,,,连续3个交易日内日收盘价格涨幅偏离值达到30%的可转债,,,,
67,300162,雷曼光电,2026-06-05,4家机构买入，成功率47.78%,10.52,19.9544,128728994.88,193281455.0,64552460.12,257833915.12,845266236,15.229402216416,30.503278628534,25.7096,3599541925.6,日涨幅达到15%的前5只证券,2.85171103,4.27756654,,
68,300319,麦捷科技,2026-06-05,3家机构买入，成功率46.18%,22.28,14.4325,447041847.6,1933650989.86,1486609142.26,3420260132.12,12915342227,3.46132405741,26.482148688014,31.9486,18777088448.24,连续三个交易日内，涨幅偏离值累计达到30%的证券,3.85996409,9.36188308,,
69,300319,麦捷科技,2026-06-05,2家机构买入，成功率49.10%,22.28,14.4325,432503462.9,1113780138.67,681276675.77,1795056814.44,5888923639,7.344355087842,30.481916976339,31.9486,18777088448.24,日换手率达到30%的前5只证券,3.85996409,9.36188308,,
70,300334,津膜科技,2026-06-05,3家机构买入，成功率46.70%,9.01,19.9734,14139483.6,79789920.6,65650437.0,145440357.6,300351533,4.707644891561,48.423377815754,11.6089,2721288146.61,日涨幅达到15%的前5只证券,10.32186459,14.87236404,,
71,300353,东土科技,2026-06-05,2家机构买入，成功率47.67%,21.94,20.0219,194710283.31,371478989.61,176768706.3,548247695.91,1493510497,13.037088370059,36.708660368391,13.1746,11848943759.18,日涨幅达到15%的前5只证券,-0.45578851,2.50683683,,
72,300561,汇金科技,2026-06-05,主力做T，成功率25.93%,14.68,-10.9763,-123369467.35,97244138.93,220613606.28,317857745.21,1904815393,-6.476715161132,16.687063028685,13.4903,3538725186.32,连续三个交易日内，跌幅偏离值累计达到30%的证券,-2.52043597,-5.17711172,,
73,300626,华瑞股份,2026-06-05,3家机构买入，成功率41.56%,40.3,20.0119,48786331.4,160781125.0,111994793.6,272775918.6,484361487,10.072297800176,56.316599465721,7.1898,7250031457.5,日涨幅达到15%的前5只证券,2.28287841,-9.23635798,,
79,301188,力诺药包,2026-06-05,5家机构买入，成功率17.96%,54.69,0.275,-7340243.12,663178510.61,670518753.73,1333697264.34,5086346804,-0.144312674752,26.221123248835,13.1902,14631577474.35,连续三个交易日内，涨幅偏离值累计达到30%的证券,-3.8946791,-2.17262374,,
81,301193,家联科技,2026-06-05,3家机构买入，成功率41.42%,24.25,19.9901,15209561.57,86490240.54,71280678.97,157770919.51,391956460,3.880421200355,40.252154412763,9.4228,4466399168.25,日涨幅达到15%的前5只证券,-4.32989691,-6.4742268,,
82,301303,真兰仪表,2026-06-05,3家机构买入，成功率42.37%,16.88,13.7466,1529549.88000001,102375506.04,100845956.16,203221462.2,612915942,0.249552960722,33.156498024325,35.2933,1725136000.0,日换手率达到30%的前5只证券,1.18483412,-7.64218009,,
84,301329,信音电子,2026-06-05,3家机构卖出，成功率29.84%,29.61,-9.4218,-23811180.86,44146290.1,67957470.96,112103761.06,571650375,-4.165339847805,19.610546229415,31.8002,1774941840.0,日换手率达到30%的前5只证券,-11.58392435,-11.34751773,,
86,301418,协昌科技,2026-06-05,3家机构买入，成功率33.61%,47.45,8.1605,-14223586.21,53841680.0,68065266.21,121906946.21,480530236,-2.959977363422,25.369256100255,37.0892,1396754048.3,日换手率达到30%的前5只证券,-3.94099052,2.65542677,,
88,301528,多浦乐,2026-06-05,4家机构买入，成功率36.61%,91.75,13.6223,7397195.75000002,138568682.27,131171486.52,269740168.79,737558091,1.002930594927,36.572057453031,14.9048,2926909318.25,连续三个交易日内，涨幅偏离值累计达到30%的证券,-1.78746594,-5.38419619,,
89,301563,云汉芯城,2026-06-05,3家机构卖出，成功率57.07%,218.01,-2.7826,63975308.69,233657614.69,169682306.0,403339920.69,1298356086,4.92740854222,31.065431512908,30.4353,4171772866.95,日换手率达到30%的前5只证券,-11.83890647,-6.07311591,,
92,600063,皖维高新,2026-06-05,普通席位买入，成功率52.01%,8.22,10.0402,88162979.66,279017985.29,190855005.63,469872990.92,2463355169,3.578979627846,19.074512552355,14.8461,17008055010.78,有价格涨跌幅限制的日收盘价格涨幅偏离值达到7%的前五只证券,-6.32603406,-3.16301703,,
96,600255,鑫科材料,2026-06-05,普通席位卖出，成功率46.30%,4.49,-7.0393,248372394.98,388488956.24,140116561.26,528605517.5,2694713110,9.217025517793,19.616393134333,32.5445,8109599827.95,有价格涨跌幅限制的日换手率达到20%的前五只证券,2.67260579,-0.66815145,,
98,600280,中央商场,2026-06-05,普通席位卖出，成功率43.07%,3.4,-5.2925,1400271.78,50353460.19,48953188.41,99306648.6,715352715,0.195745644161,13.882193569364,17.4156,3836338279.2,有价格涨跌幅限制的日价格振幅达到15%的前五只证券,10.0,0.58823529,,
100,600293,三峡新材,2026-06-05,普通席位买入，成功率55.19%,3.96,10.0,-35260660.36,92257557.4,127518217.76,219775775.16,1088902218,-3.238184271932,20.183242492027,18.1376,4594174382.16,非ST、*ST和S证券连续三个交易日内收盘价格涨幅偏离值累计达到20%的证券,4.29292929,1.76767677,,
102,600303,曙光股份,2026-06-05,买一主买，成功率50.56%,3.47,10.1587,9458299.4,39949727.4,30491428.0,70441155.4,262269161,3.606333037379,26.858344736917,11.7562,2350967372.17,有价格涨跌幅限制的日收盘价格涨幅偏离值达到7%的前五只证券,-1.44092219,-1.72910663,,
103,600310,广西能源,2026-06-05,卖一主卖，成功率45.49%,5.66,-10.0159,-109995556.08,92985911.11,202981467.19,295967378.3,1385000310,-7.941915628885,21.369481014773,16.0845,8295922686.52,有价格涨跌幅限制的日收盘价格跌幅偏离值达到7%的前五只证券,-7.59717314,-9.72954922,,
105,600382,广东明珠,2026-06-05,普通席位买入，成功率48.55%,9.68,10.0,124922496.29,214707220.13,89784723.84,304491943.97,1244846426,10.035173309804,24.460201484324,10.9129,6721870301.52,非ST、*ST和S证券连续三个交易日内收盘价格涨幅偏离值累计达到20%的证券,-10.02066116,-13.32644628,,
107,600408,安泰集团,2026-06-05,普通席位买入，成功率47.88%,3.59,3.4582,-33496688.92,101687092.91,135183781.83,236870874.74,1050255604,-3.189384450073,22.553640641179,28.0897,3614412000.0,有价格涨跌幅限制的日换手率达到20%的前五只证券,-5.01392758,-11.42061281,,
109,600421,退市华嵘,2026-06-05,普通席位买入，成功率28.42%,0.36,9.0909,809182.66,3021772.82,2212590.16,5234362.98,6786388,11.923613268207,77.130322934675,9.9971,70416000.0,退市整理的证券,-8.33333333,-16.66666667,,
113,600578,京能电力,2026-06-05,卖一主卖，成功率55.80%,8.46,-9.6154,-6190940.66000003,289769149.83,295960090.49,585729240.32,2998977849,-0.206435024589,19.530962541631,4.9404,56636493786.9,有价格涨跌幅限制的日价格振幅达到15%的前五只证券,4.25531915,7.91962175,,
114,600586,金晶科技,2026-06-05,普通席位买入，成功率44.64%,5.24,10.084,37076517.4,74928557.0,37852039.6,112780596.6,414330228,8.948542706857,27.219977925434,5.7703,7426849548.0,有价格涨跌幅限制的日收盘价格涨幅偏离值达到7%的前五只证券,-5.34351145,-5.91603053,,
115,600599,退市熊猫,2026-06-05,普通席位买入，成功率56.67%,0.5,4.1667,489457.0,1651757.0,1162300.0,2814057.0,3192336,15.332251993525,88.1504014615,3.8804,83000000.0,退市整理的证券,-6.0,-14.0,,
117,600636,退市国化,2026-06-05,买一主买，成功率40.67%,1.91,0.5263,2722985.81,9377651.83,6654666.02,16032317.85,36108321,7.541158753961,44.400618489018,4.3167,837796291.82,退市整理的证券,-0.52356021,-10.47120419,,
123,600696,退市岩石,2026-06-05,普通席位卖出，成功率33.52%,0.68,-1.4493,-747152.23,1274772.08,2021924.31,3296696.39,3853443,-19.389211933328,85.551969757954,1.5755,227439213.08,退市整理的证券,5.88235294,-4.41176471,,
127,600726,华电能源,2026-06-05,普通席位卖出，成功率38.94%,9.35,-10.0096,-217055692.64,339435991.81,556491684.45,895927676.26,4166781235,-5.209193389295,21.501673011638,5.7315,69998505545.282,有价格涨跌幅限制的日收盘价格跌幅偏离值达到7%的前五只证券,-5.88235294,-3.20855615,,
133,601991,大唐发电,2026-06-05,西藏自治区资金卖出，成功率27.64%,7.93,-9.9886,-12558445.93,376949626.64,389508072.57,766457699.21,6689678536,-0.187728690735,11.457317344703,6.4583,98300986610.58,有价格涨跌幅限制的日收盘价格跌幅偏离值达到7%的前五只证券,-8.32282472,-2.77427491,,
134,603045,福达合金,2026-06-05,1家机构买入，成功率47.01%,83.41,7.6119,101502451.11,300164317.53,198661866.42,498826183.95,1855241284,5.47111860788,26.887402099769,16.8679,11297480378.55,有价格涨跌幅限制的日价格振幅达到15%的前五只证券,7.90073133,6.94161372,,
135,603065,宿迁联盛,2026-06-05,普通席位买入，成功率50.45%,9.55,10.023,59260671.82,123610140.7,64349468.88,187959609.58,764242895,7.754167190524,24.594224010418,8.2885,4001140312.6,非ST、*ST和S证券连续三个交易日内收盘价格涨幅偏离值累计达到20%的证券,-1.04712042,8.90052356,,
136,603135,中重科技,2026-06-05,买一主买，成功率49.20%,14.03,10.0392,-28979217.52,73482922.48,102462140.0,175945062.48,464075561,-6.244504118587,37.913020479008,5.6196,8832419262.4,有价格涨跌幅限制的日收盘价格涨幅偏离值达到7%的前五只证券,9.97861725,12.61582324,,
138,603330,天洋新材,2026-06-05,普通席位卖出，成功率38.02%,8.61,-8.5016,-78257633.08,75301531.26,153559164.34,228860695.6,1393483223,-5.615972391223,16.423641980224,36.0317,3501800910.3,有价格涨跌幅限制的日换手率达到20%的前五只证券,-9.9883856,-0.92915215,,
139,603330,天洋新材,2026-06-05,普通席位卖出，成功率38.02%,8.61,-8.5016,-78257633.08,75301531.26,153559164.34,228860695.6,1393483223,-5.615972391223,16.423641980224,36.0317,3501800910.3,有价格涨跌幅限制的日价格振幅达到15%的前五只证券,-9.9883856,-0.92915215,,
142,603435,嘉德利,2026-06-05,普通席位卖出，成功率42.49%,83.11,-2.0507,-92516055.96,72901478.56,165417534.52,238319013.08,1202154034,-7.695857048549,19.824332518107,39.4527,2965991615.62,有价格涨跌幅限制的日换手率达到20%的前五只证券,-7.97737938,-6.05221995,,
146,603500,祥和实业,2026-06-05,买一主买，成功率41.83%,12.23,9.982,55389859.0,78829151.0,23439292.0,102268443.0,206190492,26.863439949501,49.599010123124,1.6179,4067808913.87,非ST、*ST和S证券连续三个交易日内收盘价格涨幅偏离值累计达到20%的证券,9.97547016,9.32134096,,
147,603516,淳中科技,2026-06-05,买一主买，成功率44.30%,135.02,6.8281,106668230.27,711956301.34,605288071.07,1317244372.41,4623277901,2.307199189712,28.491568117181,8.8756,27445283030.58,非ST、*ST和S证券连续三个交易日内收盘价格涨幅偏离值累计达到20%的证券,-4.21419049,-7.56184269,,
148,603559,ST通脉,2026-06-05,普通席位卖出，成功率45.23%,8.51,-5.0223,-4335728.64,21989942.0,26325670.64,48315612.64,136245736,-3.182285748744,35.462109904122,0.4737,3414867091.29,ST、*ST证券连续三个交易日内收盘价格跌幅偏离值累计达到12%的证券,0.11750881,-1.29259694,,
149,603629,利通电子,2026-06-05,普通席位卖出，成功率36.21%,180.38,-9.999,-128561385.88,279258578.84,407819964.72,687078543.56,6293126603,-2.042885738525,10.917920247027,13.0767,46543631780.0,有价格涨跌幅限制的日收盘价格跌幅偏离值达到7%的前五只证券,-10.00110877,-10.90475662,,
152,603681,永冠新材,2026-06-05,卖一主卖，成功率40.99%,23.94,-10.0,-44873006.3,91642228.0,136515234.3,228157462.3,345268545,-12.996552089621,66.081160767194,5.9963,5691539410.2,有价格涨跌幅限制的日收盘价格跌幅偏离值达到7%的前五只证券,-7.26817043,-4.55304929,,
153,603725,天安新材,2026-06-05,普通席位买入，成功率40.41%,12.84,10.0257,-12963683.2,60495401.0,73459084.2,133954485.2,343706479,-3.771730820355,38.973511814422,9.7971,3680684611.2,有价格涨跌幅限制的日收盘价格涨幅偏离值达到7%的前五只证券,-1.1682243,-8.09968847,,
156,603890,春秋电子,2026-06-05,西藏自治区资金买入，成功率42.03%,31.24,6.4033,-108052662.73,309737984.48,417790647.21,727528631.69,4265483206,-2.533186921895,17.056183240075,31.8022,13958294447.24,有价格涨跌幅限制的日价格振幅达到15%的前五只证券,-9.9871959,-18.59795134,,
157,603890,春秋电子,2026-06-05,西藏自治区资金买入，成功率42.03%,31.24,6.4033,-108052662.73,309737984.48,417790647.21,727528631.69,4265483206,-2.533186921895,17.056183240075,31.8022,13958294447.24,有价格涨跌幅限制的日换手率达到20%的前五只证券,-9.9871959,-18.59795134,,
159,603938,三孚股份,2026-06-05,普通席位买入，成功率51.14%,52.82,9.9958,119480109.4,935433390.84,815953281.44,1751386672.28,6149952258,1.942781088172,28.478053142636,12.384,20210225931.54,非ST、*ST和S证券连续三个交易日内收盘价格涨幅偏离值累计达到20%的证券,-1.19273003,3.27698679,,
165,605358,立昂微,2026-06-05,买一主买，成功率48.11%,66.77,4.4914,-229556247.47,2490117421.17,2719673668.64,5209791089.81,17407623585,-1.31871100239,29.928215441763,15.2446,44827896373.7,非ST、*ST和S证券连续三个交易日内收盘价格涨幅偏离值累计达到20%的证券,-3.1001947,6.58978583,,
166,688017,绿的谐波,2026-06-05,买一主买，成功率46.01%,393.0,20.0,-68025424.3100001,1025801999.07,1093827423.38,2119629422.45,7928887000,-0.857944176907,26.73300076606,12.215,72048739125.0,有价格涨跌幅限制的日收盘价格涨幅达到15%的前五只证券,8.96946565,6.91348601,,
168,688056,莱伯泰科,2026-06-05,买一主买，成功率65.83%,48.16,20.01,1950170.60000001,88662297.18,86712126.58,175374423.76,551548100,0.353581237974,31.796759658858,9.8257,3248510473.6,有价格涨跌幅限制的连续3个交易日内收盘价格涨幅偏离值累计达到30%的证券,-3.88289037,7.97342193,,
169,688056,莱伯泰科,2026-06-05,买一主买，成功率58.02%,48.16,20.01,-10146378.56,51800879.98,61947258.54,113748138.52,305622000,-3.319911053524,37.218570168378,9.8257,3248510473.6,有价格涨跌幅限制的日收盘价格涨幅达到15%的前五只证券,-3.88289037,7.97342193,,
172,688287,退市观典,2026-06-05,买一主买，成功率15.49%,0.35,0.0,-279929.88,1131322.47,1411252.35,2542574.82,4743300,-5.901584972488,53.603500094871,3.6638,129680460.0,退市整理的证券,5.71428571,,,
176,688658,悦康药业,2026-06-05,1家机构卖出，成功率47.59%,13.73,-15.7669,-47557602.93,115930186.89,163487789.82,279417976.71,546207000,-8.70688272578,51.156059279724,8.5364,6178500000.0,有价格涨跌幅限制的日收盘价格跌幅达到15%的前五只证券,-0.94683176,-0.80116533,,
179,900941,东信B股,2026-06-05,买一主买，成功率37.81%,0.49,7.221,957166.83,1268406.61,311239.78,1579646.39,2482976,38.549177680332,63.619076060341,1.6931,15385641020.16,有价格涨跌幅限制的日收盘价格涨幅偏离值达到7%的前五只证券,1.42857143,1.02040816,,
180,920078,族兴新材,2026-06-05,1家机构卖出，成功率39.35%,35.35,-0.5906,-24028805.16,23193289.56,47222094.72,70415384.28,304155000,-7.900184169256,23.151151314297,39.7827,731745000.0,当日换手率达到20%的前5只股票,-5.43140028,-6.02545969,,
182,920096,嘉晨智能,2026-06-05,1家机构买入，成功率25.96%,66.71,4.8899,-1426578.73,58550290.45,59976869.18,118527159.63,474707400,-0.30051748298,24.968466813452,42.2048,1080702000.0,当日换手率达到20%的前5只股票,8.4095338,0.43471743,,
185,920128,胜业电气,2026-06-05,1家机构卖出，成功率19.30%,32.11,-9.7527,-13102729.49,39661128.75,52763858.24,92424986.99,340706600,-3.845751590958,27.12744249451,41.0793,780273000.0,当日换手率达到20%的前5只股票,-2.58486453,-4.98287138,,
189,920161,龙辰科技,2026-06-05,1家机构卖出，成功率36.77%,56.81,-0.6992,-53367416.49,105341886.06,158709302.55,264051188.61,1327624000,-4.019768887125,19.88900386028,59.1517,2096223100.4,当日换手率达到20%的前5只股票,-3.01003344,-10.20947016,,
194,920175,东方碳素,2026-06-05,普通席位买入，成功率35.21%,11.98,20.5231,-14506529.66,19695814.71,34202344.37,53898159.08,184028800,-7.882749689179,29.287893568833,19.6068,949724802.8,当日收盘价涨幅达到20%的前5只股票,5.0918197,-1.41903172,,
195,920175,东方碳素,2026-06-05,普通席位买入，成功率35.21%,11.98,20.5231,-14506529.66,19695814.71,34202344.37,53898159.08,184028800,-7.882749689179,29.287893568833,19.6068,949724802.8,当日价格振幅达到30%的前5只股票,5.0918197,-1.41903172,,
196,920218,新天力,2026-06-05,1家机构卖出，成功率45.23%,30.48,-2.7441,1165440.28,35583669.93,34418229.65,70001899.58,286694900,0.406508898484,24.416862518308,43.6886,642403459.92,当日换手率达到20%的前5只股票,-4.85564304,-11.35170604,,
198,920438,戈碧迦,2026-06-05,1家机构买入，成功率27.42%,93.15,12.3236,-9347127.57000002,166756244.92,176103372.49,342859617.41,1597669200,-0.585047741422,21.459987925536,12.2941,12984555757.5,当日价格振幅达到30%的前5只股票,-4.69135802,0.54750403,,
199,920510,丰光精密,2026-06-05,1家机构买入，成功率25.56%,19.65,29.9603,8588903.28,35420381.83,26831478.55,62251860.38,199587800,4.303320784136,31.190213219445,11.7213,1845116882.7,当日价格振幅达到30%的前5只股票,29.97455471,26.25954198,,
200,920510,丰光精密,2026-06-05,1家机构买入，成功率25.56%,19.65,29.9603,8588903.28,35420381.83,26831478.55,62251860.38,199587800,4.303320784136,31.190213219445,11.7213,1845116882.7,当日收盘价涨幅达到20%的前5只股票,29.97455471,26.25954198,,
201,920576,天力复合,2026-06-05,主力做T，成功率30.85%,69.9,22.9768,-10503071.39,38683443.1,49186514.49,87869957.59,466507300,-2.251427017326,18.835709021059,6.6597,7540123764.6,当日收盘价涨幅达到20%的前5只股票,-2.00286123,-4.09155937,,
202,920961,创远信科,2026-06-05,普通席位买入，成功率41.03%,21.95,29.9586,7929021.54,39365464.39,31436442.85,70801907.24,219630100,3.610170709752,32.236887038707,10.1513,2281710182.5,当日收盘价涨幅达到20%的前5只股票,13.71298405,2.0501139,,
